epoch,train_loss,eval_loss,eval_top1,lr
0,4.2541385208129885,4.026458783340454,8.49,0.001
